<soapenv:Envelope xmlns:soapenv="http://schemas.xmlsoap.org/soap/envelope/">
    <soapenv:Header/>
    <soapenv:Body>
        <soapenv:Fault>
            <faultcode>Client</faultcode>
            <faultstring>An exception has been raised as a result of client data.</faultstring>
            <detail>
                <err:Errors xmlns:err="http://www.ups.com/XMLSchema/XOLTWS/Error/v1.1">
                    <err:ErrorDetail>
                        <err:Severity>Hard</err:Severity>
                        <err:PrimaryErrorCode>
                            <err:Code>9360151</err:Code>
                            <err:Description>Missing or Invalid Shipment Billing Option Code.</err:Description>
                        </err:PrimaryErrorCode>
                    </err:ErrorDetail>
                    <err:ErrorDetail>
                        <err:Severity>Hard</err:Severity>
                        <err:PrimaryErrorCode>
                            <err:Code>9380216</err:Code>
                            <err:Description>Missing or Invalid Handling Unit One Quantity</err:Description>
                        </err:PrimaryErrorCode>
                    </err:ErrorDetail>
                    <err:ErrorDetail>
                        <err:Severity>Hard</err:Severity>
                        <err:PrimaryErrorCode>
                            <err:Code>9360217</err:Code>
                            <err:Description>Missing or Invalid Handling Unit One Type Code.</err:Description>
                        </err:PrimaryErrorCode>
                    </err:ErrorDetail>
                    <err:ErrorDetail>
                        <err:Severity>Hard</err:Severity>
                        <err:PrimaryErrorCode>
                            <err:Code>9380231</err:Code>
                            <err:Description>Missing or Invalid Handling Unit Two Quantity</err:Description>
                        </err:PrimaryErrorCode>
                    </err:ErrorDetail>
                    <err:ErrorDetail>
                        <err:Severity>Hard</err:Severity>
                        <err:PrimaryErrorCode>
                            <err:Code>9360231</err:Code>
                            <err:Description>Missing or Invalid Handling Unit Two Type Code.</err:Description>
                        </err:PrimaryErrorCode>
                    </err:ErrorDetail>
                    <err:ErrorDetail>
                        <err:Severity>Hard</err:Severity>
                        <err:PrimaryErrorCode>
                            <err:Code>9360257</err:Code>
                            <err:Description>Missing or Invalid Commodity {0} Description.</err:Description>
                        </err:PrimaryErrorCode>
                    </err:ErrorDetail>
                    <err:ErrorDetail>
                        <err:Severity>Hard</err:Severity>
                        <err:PrimaryErrorCode>
                            <err:Code>9360258</err:Code>
                            <err:Description>Missing or Invalid Commodity {0} Weight\'s Unit Of Measure Code.</err:Description>
                        </err:PrimaryErrorCode>
                    </err:ErrorDetail>
                    <err:ErrorDetail>
                        <err:Severity>Hard</err:Severity>
                        <err:PrimaryErrorCode>
                            <err:Code>9380253</err:Code>
                            <err:Description>Missing or Invalid Commodity {0} Adjusted Weight Value</err:Description>
                        </err:PrimaryErrorCode>
                    </err:ErrorDetail>
                    <err:ErrorDetail>
                        <err:Severity>Hard</err:Severity>
                        <err:PrimaryErrorCode>
                            <err:Code>9380255</err:Code>
                            <err:Description>Missing or Invalid Unit of Measurement Code for Commodity {0} Adjusted Weight</err:Description>
                        </err:PrimaryErrorCode>
                    </err:ErrorDetail>
                    <err:ErrorDetail>
                        <err:Severity>Hard</err:Severity>
                        <err:PrimaryErrorCode>
                            <err:Code>9360261</err:Code>
                            <err:Description>Missing or Invalid Commodity {0} Dimension\'s Unit of Measurement Code.</err:Description>
                        </err:PrimaryErrorCode>
                    </err:ErrorDetail>
                    <err:ErrorDetail>
                        <err:Severity>Hard</err:Severity>
                        <err:PrimaryErrorCode>
                            <err:Code>9360262</err:Code>
                            <err:Description>Missing or Invalid Commodity {0} Dimension Length.</err:Description>
                        </err:PrimaryErrorCode>
                    </err:ErrorDetail>
                    <err:ErrorDetail>
                        <err:Severity>Hard</err:Severity>
                        <err:PrimaryErrorCode>
                            <err:Code>9360264</err:Code>
                            <err:Description>Missing or Invalid Commodity {0} Dimension Width.</err:Description>
                        </err:PrimaryErrorCode>
                    </err:ErrorDetail>
                    <err:ErrorDetail>
                        <err:Severity>Hard</err:Severity>
                        <err:PrimaryErrorCode>
                            <err:Code>9360263</err:Code>
                            <err:Description>Missing or Invalid Commodity {0} Dimension Height.</err:Description>
                        </err:PrimaryErrorCode>
                    </err:ErrorDetail>
                    <err:ErrorDetail>
                        <err:Severity>Hard</err:Severity>
                        <err:PrimaryErrorCode>
                            <err:Code>9360265</err:Code>
                            <err:Description>Missing or Invalid Number of Commodity {0} Pieces.</err:Description>
                        </err:PrimaryErrorCode>
                    </err:ErrorDetail>
                    <err:ErrorDetail>
                        <err:Severity>Hard</err:Severity>
                        <err:PrimaryErrorCode>
                            <err:Code>9360266</err:Code>
                            <err:Description>Missing or Invalid Packaging Type Code of Commodity {0}.</err:Description>
                        </err:PrimaryErrorCode>
                    </err:ErrorDetail>
                    <err:ErrorDetail>
                        <err:Severity>Hard</err:Severity>
                        <err:PrimaryErrorCode>
                            <err:Code>9360267</err:Code>
                            <err:Description>Missing or Invalid Currency Code of Commodity {0}\'s Commodity Value.</err:Description>
                        </err:PrimaryErrorCode>
                    </err:ErrorDetail>
                    <err:ErrorDetail>
                        <err:Severity>Hard</err:Severity>
                        <err:PrimaryErrorCode>
                            <err:Code>9380250</err:Code>
                            <err:Description>Missing or Invalid Monetary Value of Commodity {0}s Commodity Value</err:Description>
                        </err:PrimaryErrorCode>
                    </err:ErrorDetail>
                    <err:ErrorDetail>
                        <err:Severity>Hard</err:Severity>
                        <err:PrimaryErrorCode>
                            <err:Code>9360436</err:Code>
                            <err:Description>Missing or invalid Unit of Measurement code for the Overseas Leg Dimensions.</err:Description>
                        </err:PrimaryErrorCode>
                    </err:ErrorDetail>
                    <err:ErrorDetail>
                        <err:Severity>Hard</err:Severity>
                        <err:PrimaryErrorCode>
                            <err:Code>9360437</err:Code>
                            <err:Description>Missing or Invalid Currency Code for the Overseas Leg Price per Cubic Foot.</err:Description>
                        </err:PrimaryErrorCode>
                    </err:ErrorDetail>
                    <err:ErrorDetail>
                        <err:Severity>Hard</err:Severity>
                        <err:PrimaryErrorCode>
                            <err:Code>9380323</err:Code>
                            <err:Description>Missing or Invalid Monetary Value for Overseas Leg Price per Cubic Foot</err:Description>
                        </err:PrimaryErrorCode>
                    </err:ErrorDetail>
                    <err:ErrorDetail>
                        <err:Severity>Hard</err:Severity>
                        <err:PrimaryErrorCode>
                            <err:Code>9360438</err:Code>
                            <err:Description>Missing or Invalid Currency Code for the Overseas Leg Price per CWT.</err:Description>
                        </err:PrimaryErrorCode>
                    </err:ErrorDetail>
                    <err:ErrorDetail>
                        <err:Severity>Hard</err:Severity>
                        <err:PrimaryErrorCode>
                            <err:Code>9380324</err:Code>
                            <err:Description>Missing or Invalid Monetary Value for Overseas Leg Price per CWT</err:Description>
                        </err:PrimaryErrorCode>
                    </err:ErrorDetail>
                    <err:ErrorDetail>
                        <err:Severity>Hard</err:Severity>
                        <err:PrimaryErrorCode>
                            <err:Code>9360421</err:Code>
                            <err:Description>Missing or Invalid COD Currency Code.</err:Description>
                        </err:PrimaryErrorCode>
                    </err:ErrorDetail>
                    <err:ErrorDetail>
                        <err:Severity>Hard</err:Severity>
                        <err:PrimaryErrorCode>
                            <err:Code>9360422</err:Code>
                            <err:Description>Missing or Invalid COD Monetary Value.</err:Description>
                        </err:PrimaryErrorCode>
                    </err:ErrorDetail>
                    <err:ErrorDetail>
                        <err:Severity>Hard</err:Severity>
                        <err:PrimaryErrorCode>
                            <err:Code>9360423</err:Code>
                            <err:Description>Missing or Invalid COD Payment Method Code.</err:Description>
                        </err:PrimaryErrorCode>
                    </err:ErrorDetail>
                    <err:ErrorDetail>
                        <err:Severity>Hard</err:Severity>
                        <err:PrimaryErrorCode>
                            <err:Code>9360424</err:Code>
                            <err:Description>Missing or Invalid COD Billing Option Code.</err:Description>
                        </err:PrimaryErrorCode>
                    </err:ErrorDetail>
                    <err:ErrorDetail>
                        <err:Severity>Hard</err:Severity>
                        <err:PrimaryErrorCode>
                            <err:Code>9360425</err:Code>
                            <err:Description>Missing or Invalid Remit To Name.</err:Description>
                        </err:PrimaryErrorCode>
                    </err:ErrorDetail>
                    <err:ErrorDetail>
                        <err:Severity>Hard</err:Severity>
                        <err:PrimaryErrorCode>
                            <err:Code>9360426</err:Code>
                            <err:Description>Missing or Invalid the first Remit To Address Line.</err:Description>
                        </err:PrimaryErrorCode>
                    </err:ErrorDetail>
                    <err:ErrorDetail>
                        <err:Severity>Hard</err:Severity>
                        <err:PrimaryErrorCode>
                            <err:Code>9360427</err:Code>
                            <err:Description>Missing or Invalid Remit To\'s City.</err:Description>
                        </err:PrimaryErrorCode>
                    </err:ErrorDetail>
                    <err:ErrorDetail>
                        <err:Severity>Hard</err:Severity>
                        <err:PrimaryErrorCode>
                            <err:Code>9360429</err:Code>
                            <err:Description>Missing or Invalid a Remit To Country Code.</err:Description>
                        </err:PrimaryErrorCode>
                    </err:ErrorDetail>
                    <err:ErrorDetail>
                        <err:Severity>Hard</err:Severity>
                        <err:PrimaryErrorCode>
                            <err:Code>9380337</err:Code>
                            <err:Description>Missing Dangerous Goods Name</err:Description>
                        </err:PrimaryErrorCode>
                    </err:ErrorDetail>
                    <err:ErrorDetail>
                        <err:Severity>Hard</err:Severity>
                        <err:PrimaryErrorCode>
                            <err:Code>9380339</err:Code>
                            <err:Description>Missing or Invalid Dangerous Goods Phone Number</err:Description>
                        </err:PrimaryErrorCode>
                    </err:ErrorDetail>
                    <err:ErrorDetail>
                        <err:Severity>Hard</err:Severity>
                        <err:PrimaryErrorCode>
                            <err:Code>9360466</err:Code>
                            <err:Description>Missing or Invalid Dangerous Good\'s Transportations\' Mode code of the Dangerous Goods service option.</err:Description>
                        </err:PrimaryErrorCode>
                    </err:ErrorDetail>
                    <err:ErrorDetail>
                        <err:Severity>Hard</err:Severity>
                        <err:PrimaryErrorCode>
                            <err:Code>9380340</err:Code>
                            <err:Description>Missing or Invalid Sorting and Segregating Quantity</err:Description>
                        </err:PrimaryErrorCode>
                    </err:ErrorDetail>
                    <err:ErrorDetail>
                        <err:Severity>Hard</err:Severity>
                        <err:PrimaryErrorCode>
                            <err:Code>9380342</err:Code>
                            <err:Description>Missing or Invalid Declared Value Currency Code for Shipment Service Option</err:Description>
                        </err:PrimaryErrorCode>
                    </err:ErrorDetail>
                    <err:ErrorDetail>
                        <err:Severity>Hard</err:Severity>
                        <err:PrimaryErrorCode>
                            <err:Code>9380341</err:Code>
                            <err:Description>Missing or Invalid Declared Value Monetary Value for Shipment Service Option</err:Description>
                        </err:PrimaryErrorCode>
                    </err:ErrorDetail>
                    <err:ErrorDetail>
                        <err:Severity>Hard</err:Severity>
                        <err:PrimaryErrorCode>
                            <err:Code>9380344</err:Code>
                            <err:Description>Missing or Invalid Customs Value Currency Code for Shipment Service Option</err:Description>
                        </err:PrimaryErrorCode>
                    </err:ErrorDetail>
                    <err:ErrorDetail>
                        <err:Severity>Hard</err:Severity>
                        <err:PrimaryErrorCode>
                            <err:Code>9380343</err:Code>
                            <err:Description>Missing or Invalid Customs Value Monetary Value for Shipment Service Option</err:Description>
                        </err:PrimaryErrorCode>
                    </err:ErrorDetail>
                    <err:ErrorDetail>
                        <err:Severity>Hard</err:Severity>
                        <err:PrimaryErrorCode>
                            <err:Code>9380336</err:Code>
                            <err:Description>Invalid combination of Percentage and Value for Handling Charge service option</err:Description>
                        </err:PrimaryErrorCode>
                    </err:ErrorDetail>
                    <err:ErrorDetail>
                        <err:Severity>Hard</err:Severity>
                        <err:PrimaryErrorCode>
                            <err:Code>9360472</err:Code>
                            <err:Description>Missing or Invalid Currency Code for the Handling Charge service option.</err:Description>
                        </err:PrimaryErrorCode>
                    </err:ErrorDetail>
                    <err:ErrorDetail>
                        <err:Severity>Hard</err:Severity>
                        <err:PrimaryErrorCode>
                            <err:Code>9360473</err:Code>
                            <err:Description>Missing or Invalid Monetary Value for the Handling Charge service option.</err:Description>
                        </err:PrimaryErrorCode>
                    </err:ErrorDetail>
                    <err:ErrorDetail>
                        <err:Severity>Hard</err:Severity>
                        <err:PrimaryErrorCode>
                            <err:Code>9360541</err:Code>
                            <err:Description>Missing or Invalid Pickup Date.</err:Description>
                        </err:PrimaryErrorCode>
                    </err:ErrorDetail>
                    <err:ErrorDetail>
                        <err:Severity>Hard</err:Severity>
                        <err:PrimaryErrorCode>
                            <err:Code>9380373</err:Code>
                            <err:Description>Invalid Alternate Rate Option</err:Description>
                        </err:PrimaryErrorCode>
                    </err:ErrorDetail>
                    <err:ErrorDetail>
                        <err:Severity>Hard</err:Severity>
                        <err:PrimaryErrorCode>
                            <err:Code>9380061</err:Code>
                            <err:Description>Missing or Invalid Account Type Code.</err:Description>
                        </err:PrimaryErrorCode>
                    </err:ErrorDetail>
                    <err:ErrorDetail>
                        <err:Severity>Hard</err:Severity>
                        <err:PrimaryErrorCode>
                            <err:Code>9380242</err:Code>
                            <err:Description>Missing or Invalid Unit of Measurement Code for Shipment Total Weight</err:Description>
                        </err:PrimaryErrorCode>
                    </err:ErrorDetail>
                    <err:ErrorDetail>
                        <err:Severity>Hard</err:Severity>
                        <err:PrimaryErrorCode>
                            <err:Code>9380262</err:Code>
                            <err:Description>Missing or Invalid Handling Unit Weight Value</err:Description>
                        </err:PrimaryErrorCode>
                    </err:ErrorDetail>
                    <err:ErrorDetail>
                        <err:Severity>Hard</err:Severity>
                        <err:PrimaryErrorCode>
                            <err:Code>9380264</err:Code>
                            <err:Description>Missing or Invalid Unit of Measurement Code for Handling Unit Weight</err:Description>
                        </err:PrimaryErrorCode>
                    </err:ErrorDetail>
                </err:Errors>
            </detail>
        </soapenv:Fault>
    </soapenv:Body>
</soapenv:Envelope>