<soap:Envelope xmlns:soap=\ "http://schemas.xmlsoap.org/soap/envelope/\" xmlns:xsi=\ "http://www.w3.org/2001/XMLSchema-instance\" xmlns:error=\ "http://www.ups.com/XMLSchema/XOLTWS/Error/v1.1\" xmlns:upss=\ "http://www.ups.com/XMLSchema/XOLTWS/UPSS/v1.0\" xmlns:frt=\ "http://www.ups.com/XMLSchema/XOLTWS/FreightRate/v1.0\" xmlns:tns=\ "http://www.ups.com/WSDL/XOLTWS/FreightRate/v1.0\">
    <soap:Header>
        <upss:UPSSecurity>
            <upss:UsernameToken>
                <upss:Username>eventrio</upss:Username>
                <upss:Password>Kenziemac1!</upss:Password>
            </upss:UsernameToken>
            <upss:ServiceAccessToken>
                <upss:AccessLicenseNumber>ECD9453AD9018E66</upss:AccessLicenseNumber>
            </upss:ServiceAccessToken>
        </upss:UPSSecurity>
    </soap:Header>
    <soap:Body>
        <frt:FreightRateRequest xmlns:frt=\ "http://www.ups.com/XMLSchema/XOLTWS/FreightRate/v1.0\" xmlns=\ "http://www.ups.com/XMLSchema/XOLTWS/FreightRate/v1.0\">
            <frt:ShipFrom>
                <frt:Name>Developer Test 1</frt:Name>
                <frt:Address>
                    <frt:AddressLine>101 Developer Way</frt:AddressLine>
                    <frt:City>Richmond</frt:City>
                    <frt:StateProvinceCode>VA</frt:StateProvinceCode>
                    <frt:Town></frt:Town>
                    <frt:PostalCode>23224</frt:PostalCode>
                    <frt:CountryCode>US</frt:CountryCode>
                </frt:Address>
                <frt:AttentionName></frt:AttentionName>
                <frt:TariffPoint></frt:TariffPoint>
            </frt:ShipFrom>
            <frt:ShipTo>
                <frt:Name>Consignee Test 1</frt:Name>
                <frt:Address>
                    <frt:AddressLine>1000 Consignee Street</frt:AddressLine>
                    <frt:City>Allanton</frt:City>
                    <frt:StateProvinceCode>MO</frt:StateProvinceCode>
                    <frt:Town></frt:Town>
                    <frt:PostalCode>63025</frt:PostalCode>
                    <frt:CountryCode>US</frt:CountryCode>
                </frt:Address>
                <frt:AttentionName></frt:AttentionName>
                <frt:TariffPoint></frt:TariffPoint>
            </frt:ShipTo>
            <frt:PaymentInformation>
                <frt:Payer>
                    <frt:Name>Developer Test 1</frt:Name>
                    <frt:Address>
                        <frt:AddressLine>101 Developer Way</frt:AddressLine>
                        <frt:City>Richmond</frt:City>
                        <frt:StateProvinceCode>VA</frt:StateProvinceCode>
                        <frt:Town></frt:Town>
                        <frt:PostalCode>23224</frt:PostalCode>
                        <frt:CountryCode>US</frt:CountryCode>
                    </frt:Address>
                    <frt:ShipperNumber>E06F44</frt:ShipperNumber>
                    <frt:AttentionName></frt:AttentionName>
                </frt:Payer>
                <frt:ShipmentBillingOption>
                    <frt:Code></frt:Code>
                    <frt:Description></frt:Description>
                </frt:ShipmentBillingOption>
            </frt:PaymentInformation>
            <frt:Service>
                <frt:Code></frt:Code>
                <frt:Description></frt:Description>
            </frt:Service>
            <frt:HandlingUnitOne>
                <frt:Quantity></frt:Quantity>
                <frt:Type>
                    <frt:Code></frt:Code>
                    <frt:Description></frt:Description>
                </frt:Type>
            </frt:HandlingUnitOne>
            <frt:HandlingUnitTwo>
                <frt:Quantity></frt:Quantity>
                <frt:Type>
                    <frt:Code></frt:Code>
                    <frt:Description></frt:Description>
                </frt:Type>
            </frt:HandlingUnitTwo>
            <frt:Commodity>
                <frt:CommodityID></frt:CommodityID>
                <frt:Description></frt:Description>
                <frt:Weight>
                    <frt:Value>1500</frt:Value>
                    <frt:UnitOfMeasurement>
                        <frt:Code></frt:Code>
                        <frt:Description></frt:Description>
                    </frt:UnitOfMeasurement>
                </frt:Weight>
                <frt:AdjustedWeight>
                    <frt:Value></frt:Value>
                    <frt:UnitOfMeasurement>
                        <frt:Code></frt:Code>
                        <frt:Description></frt:Description>
                    </frt:UnitOfMeasurement>
                </frt:AdjustedWeight>
                <frt:Dimensions>
                    <frt:UnitOfMeasurement>
                        <frt:Code></frt:Code>
                        <frt:Description></frt:Description>
                    </frt:UnitOfMeasurement>
                    <frt:Length></frt:Length>
                    <frt:Width></frt:Width>
                    <frt:Height></frt:Height>
                </frt:Dimensions>
                <frt:NumberOfPieces></frt:NumberOfPieces>
                <frt:PackagingType>
                    <frt:Code></frt:Code>
                    <frt:Description></frt:Description>
                </frt:PackagingType>
                <frt:DangerousGoodsIndicator></frt:DangerousGoodsIndicator>
                <frt:CommodityValue>
                    <frt:CurrencyCode></frt:CurrencyCode>
                    <frt:MonetaryValue></frt:MonetaryValue>
                </frt:CommodityValue>
                <frt:FreightClass>92.5</frt:FreightClass>
                <frt:NMFCCommodityCode>116030 sub 1</frt:NMFCCommodityCode>
                <frt:NMFCCommodity>
                    <frt:PrimeCode></frt:PrimeCode>
                    <frt:SubCode></frt:SubCode>
                </frt:NMFCCommodity>
            </frt:Commodity>
            <frt:ShipmentServiceOptions>
                <frt:PickupOptions>
                    <frt:HolidayPickupIndicator></frt:HolidayPickupIndicator>
                    <frt:InsidePickupIndicator></frt:InsidePickupIndicator>
                    <frt:ResidentialPickupIndicator></frt:ResidentialPickupIndicator>
                    <frt:WeekendPickupIndicator></frt:WeekendPickupIndicator>
                    <frt:LiftGateRequiredIndicator></frt:LiftGateRequiredIndicator>
                    <frt:HoldAtAirportForPickupIndicator></frt:HoldAtAirportForPickupIndicator>
                    <frt:PickupFromDoorIndicator></frt:PickupFromDoorIndicator>
                    <frt:LimitedAccessPickupIndicator></frt:LimitedAccessPickupIndicator>
                </frt:PickupOptions>
                <frt:DeliveryOptions>
                    <frt:CallBeforeDeliveryIndicator></frt:CallBeforeDeliveryIndicator>
                    <frt:ConstructionSiteDeliveryIndicator></frt:ConstructionSiteDeliveryIndicator>
                    <frt:HolidayDeliveryIndicator></frt:HolidayDeliveryIndicator>
                    <frt:InsideDeliveryIndicator></frt:InsideDeliveryIndicator>
                    <frt:ResidentialDeliveryIndicator></frt:ResidentialDeliveryIndicator>
                    <frt:WeekendDeliveryIndicator></frt:WeekendDeliveryIndicator>
                    <frt:LiftGateRequiredIndicator></frt:LiftGateRequiredIndicator>
                    <frt:SaturdayDeliveryIndicator></frt:SaturdayDeliveryIndicator>
                    <frt:DeliveryToDoorIndicator></frt:DeliveryToDoorIndicator>
                    <frt:LimitedAccessDeliveryIndicator></frt:LimitedAccessDeliveryIndicator>
                </frt:DeliveryOptions>
                <frt:OverSeasLeg>
                    <frt:Dimensions>
                        <frt:Volume></frt:Volume>
                        <frt:Height></frt:Height>
                        <frt:Length></frt:Length>
                        <frt:Width></frt:Width>
                        <frt:UnitOfMeasurement>
                            <frt:Code></frt:Code>
                            <frt:Description></frt:Description>
                        </frt:UnitOfMeasurement>
                    </frt:Dimensions>
                    <frt:Value>
                        <frt:Cube>
                            <frt:CurrencyCode></frt:CurrencyCode>
                            <frt:MonetaryValue></frt:MonetaryValue>
                        </frt:Cube>
                        <frt:CWT>
                            <frt:CurrencyCode></frt:CurrencyCode>
                            <frt:MonetaryValue></frt:MonetaryValue>
                        </frt:CWT>
                    </frt:Value>
                </frt:OverSeasLeg>
                <frt:COD>
                    <frt:CODValue>
                        <frt:CurrencyCode></frt:CurrencyCode>
                        <frt:MonetaryValue></frt:MonetaryValue>
                    </frt:CODValue>
                    <frt:CODPaymentMethod>
                        <frt:Code></frt:Code>
                        <frt:Description></frt:Description>
                    </frt:CODPaymentMethod>
                    <frt:CODBillingOption>
                        <frt:Code></frt:Code>
                        <frt:Description></frt:Description>
                    </frt:CODBillingOption>
                    <frt:RemitTo>
                        <frt:Name></frt:Name>
                        <frt:Address>
                            <frt:AddressLine></frt:AddressLine>
                            <frt:City></frt:City>
                            <frt:StateProvinceCode></frt:StateProvinceCode>
                            <frt:Town></frt:Town>
                            <frt:PostalCode></frt:PostalCode>
                            <frt:CountryCode></frt:CountryCode>
                        </frt:Address>
                        <frt:AttentionName></frt:AttentionName>
                    </frt:RemitTo>
                </frt:COD>
                <frt:DangerousGoods>
                    <frt:Name></frt:Name>
                    <frt:Phone>
                        <frt:Number></frt:Number>
                        <frt:Extension></frt:Extension>
                    </frt:Phone>
                    <frt:TransportationMode>
                        <frt:Code></frt:Code>
                        <frt:Description></frt:Description>
                    </frt:TransportationMode>
                </frt:DangerousGoods>
                <frt:SortingAndSegregating>
                    <frt:Quantity></frt:Quantity>
                </frt:SortingAndSegregating>
                <frt:DeclaredValue>
                    <frt:CurrencyCode></frt:CurrencyCode>
                    <frt:MonetaryValue></frt:MonetaryValue>
                </frt:DeclaredValue>
                <frt:ExcessDeclaredValue>
                    <frt:CurrencyCode></frt:CurrencyCode>
                    <frt:MonetaryValue></frt:MonetaryValue>
                </frt:ExcessDeclaredValue>
                <frt:CustomsValue>
                    <frt:CurrencyCode></frt:CurrencyCode>
                    <frt:MonetaryValue></frt:MonetaryValue>
                </frt:CustomsValue>
                <frt:DeliveryDutiesPaidIndicator></frt:DeliveryDutiesPaidIndicator>
                <frt:DeliveryDutiesUnpaidIndicator></frt:DeliveryDutiesUnpaidIndicator>
                <frt:HandlingCharge>
                    <frt:Percentage></frt:Percentage>
                    <frt:Amount>
                        <frt:CurrencyCode></frt:CurrencyCode>
                        <frt:MonetaryValue></frt:MonetaryValue>
                    </frt:Amount>
                </frt:HandlingCharge>
                <frt:CustomsClearanceIndicator></frt:CustomsClearanceIndicator>
                <frt:FreezableProtectionIndicator></frt:FreezableProtectionIndicator>
                <frt:ExtremeLengthIndicator></frt:ExtremeLengthIndicator>
            </frt:ShipmentServiceOptions>
            <frt:PickupRequest>
                <frt:PickupDate></frt:PickupDate>
                <frt:AdditionalComments></frt:AdditionalComments>
            </frt:PickupRequest>
            <frt:AlternateRateOptions>
                <frt:Code></frt:Code>
                <frt:Description></frt:Description>
            </frt:AlternateRateOptions>
            <frt:AccountType>
                <frt:Code></frt:Code>
                <frt:Description></frt:Description>
            </frt:AccountType>
            <frt:ShipmentTotalWeight>
                <frt:Value>1500</frt:Value>
                <frt:UnitOfMeasurement>
                    <frt:Code></frt:Code>
                    <frt:Description></frt:Description>
                </frt:UnitOfMeasurement>
            </frt:ShipmentTotalWeight>
            <frt:HandlingUnitWeight>
                <frt:Value></frt:Value>
                <frt:UnitOfMeasurement>
                    <frt:Code></frt:Code>
                    <frt:Description></frt:Description>
                </frt:UnitOfMeasurement>
            </frt:HandlingUnitWeight>
            <frt:AdjustedWeightIndicator></frt:AdjustedWeightIndicator>
            <frt:TimeInTransitIndicator></frt:TimeInTransitIndicator>
        </frt:FreightRateRequest>
    </soap:Body>
</soap:Envelope>